{
  "hash": "fc283af6",
  "configHash": "32e390cf",
  "lockfileHash": "a8d4f9df",
  "browserHash": "f9a9ad27",
  "optimized": {
    "@angular/common/http": {
      "src": "../../../../../../node_modules/@angular/common/fesm2022/http.mjs",
      "file": "@angular_common_http.js",
      "fileHash": "44889be3",
      "needsInterop": false
    },
    "@angular/core": {
      "src": "../../../../../../node_modules/@angular/core/fesm2022/core.mjs",
      "file": "@angular_core.js",
      "fileHash": "6772a28c",
      "needsInterop": false
    },
    "@angular/platform-browser": {
      "src": "../../../../../../node_modules/@angular/platform-browser/fesm2022/platform-browser.mjs",
      "file": "@angular_platform-browser.js",
      "fileHash": "9ad1dc1d",
      "needsInterop": false
    },
    "@angular/router": {
      "src": "../../../../../../node_modules/@angular/router/fesm2022/router.mjs",
      "file": "@angular_router.js",
      "fileHash": "60725627",
      "needsInterop": false
    },
    "@angular/common": {
      "src": "../../../../../../node_modules/@angular/common/fesm2022/common.mjs",
      "file": "@angular_common.js",
      "fileHash": "7f8008b6",
      "needsInterop": false
    }
  },
  "chunks": {
    "chunk-CDMYRGNB": {
      "file": "chunk-CDMYRGNB.js"
    },
    "chunk-R6WWCYJF": {
      "file": "chunk-R6WWCYJF.js"
    },
    "chunk-GPMMEGWR": {
      "file": "chunk-GPMMEGWR.js"
    },
    "chunk-7DPHYZ4E": {
      "file": "chunk-7DPHYZ4E.js"
    },
    "chunk-NDBMKQYB": {
      "file": "chunk-NDBMKQYB.js"
    }
  }
}